{
  "ASH_COATED_OSMIUM": {
    "per_day": {
      "-2": {
        "start": 10001.5,
        "end": 9993.5,
        "drift_per_tick": -0.00013396200518438529,
        "resid_std": 4.596009819201578,
        "n": 9187
      },
      "-1": {
        "start": 9993.5,
        "end": 10003.5,
        "drift_per_tick": -7.990245692082269e-05,
        "resid_std": 3.674175883706033,
        "n": 9225
      },
      "0": {
        "start": 10004.0,
        "end": 10008.5,
        "drift_per_tick": 0.0001579801132831166,
        "resid_std": 5.102772661638915,
        "n": 9232
      }
    },
    "drift_per_tick": -1.862811627403045e-05,
    "resid_std": 4.457652788182176,
    "start_candidates": [
      10001.5,
      9993.5,
      10004.0
    ],
    "empty_bid_rate": 0.04013333333333333,
    "empty_ask_rate": 0.04003333333333333,
    "empty_both_rate": 0.0016333333333333334,
    "bot3_bid_rate": 0.025966666666666666,
    "bot3_ask_rate": 0.0249,
    "outer_spread_counts": {
      "12": 2,
      "18": 118,
      "19": 125,
      "20": 46,
      "21": 11407,
      "22": 44
    },
    "inner_spread_counts": {
      "5": 32,
      "6": 92,
      "7": 37,
      "9": 84,
      "10": 170,
      "11": 67,
      "15": 43,
      "16": 11194,
      "17": 23
    },
    "outer_bid_offset_counts": {
      "-11.0": 44,
      "-10.5": 11407,
      "-10.0": 46,
      "-9.5": 125,
      "-9.0": 118,
      "-6.0": 2
    },
    "outer_ask_offset_counts": {
      "6.0": 2,
      "9.0": 118,
      "9.5": 125,
      "10.0": 46,
      "10.5": 11407,
      "11.0": 44
    },
    "inner_bid_offset_counts": {
      "-8.5": 5553,
      "-8.0": 90,
      "-7.5": 5746,
      "-7.0": 59,
      "-6.5": 48,
      "-6.0": 1,
      "-4.0": 36,
      "-3.5": 52,
      "-3.0": 2,
      "-2.5": 71,
      "0.0": 21,
      "0.5": 25,
      "1.0": 1,
      "1.5": 37
    },
    "inner_ask_offset_counts": {
      "-2.5": 39,
      "-2.0": 1,
      "-1.5": 15,
      "-1.0": 20,
      "1.5": 89,
      "2.0": 2,
      "2.5": 33,
      "3.0": 40,
      "6.5": 76,
      "7.0": 58,
      "7.5": 5573,
      "8.0": 89,
      "8.5": 5707
    },
    "outer_bid_vol_counts": {
      "10": 18,
      "11": 24,
      "12": 21,
      "13": 20,
      "14": 26,
      "15": 26,
      "20": 1015,
      "21": 1040,
      "22": 1082,
      "23": 1027,
      "24": 1045,
      "25": 1044,
      "26": 1061,
      "27": 1063,
      "28": 1112,
      "29": 1061,
      "30": 1057
    },
    "inner_bid_vol_counts": {
      "2": 48,
      "3": 42,
      "4": 45,
      "5": 45,
      "6": 8,
      "7": 12,
      "8": 11,
      "9": 18,
      "10": 1941,
      "11": 1860,
      "12": 1918,
      "13": 1934,
      "14": 1910,
      "15": 1950
    },
    "trade_active_prob": 0.04173333333333333,
    "second_trade_prob": 0.010383386581469648,
    "trade_qty_counts": {
      "2": 160,
      "3": 179,
      "4": 172,
      "5": 224,
      "6": 230,
      "7": 78,
      "8": 71,
      "9": 76,
      "10": 75
    },
    "trade_buy_prob": 0.5109845402766476,
    "n_trades_per_day_mean": 421.6666666666667
  },
  "INTARIAN_PEPPER_ROOT": {
    "per_day": {
      "-2": {
        "start": 10000.0,
        "end": 11001.5,
        "drift_per_tick": 0.10821574810416568,
        "resid_std": 1.0736933732726786,
        "n": 9216
      },
      "-1": {
        "start": 11000.0,
        "end": 11999.5,
        "drift_per_tick": 0.10806919579737169,
        "resid_std": 1.287386922951665,
        "n": 9219
      },
      "0": {
        "start": 12000.0,
        "end": 13000.0,
        "drift_per_tick": 0.10787852451570229,
        "resid_std": 1.1456901489977034,
        "n": 9253
      }
    },
    "drift_per_tick": 0.10805448947241321,
    "resid_std": 1.1689234817406824,
    "start_candidates": [
      10000.0,
      11000.0,
      12000.0
    ],
    "empty_bid_rate": 0.04053333333333333,
    "empty_ask_rate": 0.03833333333333333,
    "empty_both_rate": 0.0018,
    "bot3_bid_rate": 0.014833333333333334,
    "bot3_ask_rate": 0.015566666666666666,
    "outer_spread_counts": {
      "13": 4,
      "14": 55,
      "15": 40,
      "16": 1354,
      "17": 2655,
      "18": 2668,
      "19": 2611,
      "20": 2298,
      "21": 339
    },
    "inner_spread_counts": {
      "2": 77,
      "3": 102,
      "4": 39,
      "7": 13,
      "8": 50,
      "9": 28,
      "10": 11,
      "11": 1938,
      "12": 3943,
      "13": 3883,
      "14": 1940
    },
    "outer_bid_offset_counts": {
      "-10.5": 339,
      "-10.0": 2298,
      "-9.5": 2611,
      "-9.0": 2668,
      "-8.5": 2655,
      "-8.0": 1354,
      "-7.5": 40,
      "-7.0": 55,
      "-6.5": 4
    },
    "outer_ask_offset_counts": {
      "6.5": 4,
      "7.0": 55,
      "7.5": 40,
      "8.0": 1354,
      "8.5": 2655,
      "9.0": 2668,
      "9.5": 2611,
      "10.0": 2298,
      "10.5": 339
    },
    "inner_bid_offset_counts": {
      "-7.5": 107,
      "-7.0": 2276,
      "-6.5": 3637,
      "-6.0": 3553,
      "-5.5": 1815,
      "-5.0": 438,
      "-4.5": 28,
      "-4.0": 28,
      "-3.5": 5,
      "-3.0": 13,
      "-2.5": 10,
      "1.0": 13,
      "1.5": 21,
      "2.0": 26,
      "2.5": 18,
      "3.0": 27,
      "3.5": 8,
      "4.0": 1
    },
    "inner_ask_offset_counts": {
      "-5.0": 1,
      "-4.5": 5,
      "-4.0": 26,
      "-3.5": 12,
      "-3.0": 19,
      "-2.5": 19,
      "-2.0": 22,
      "1.0": 2,
      "1.5": 15,
      "2.0": 7,
      "2.5": 7,
      "3.0": 15,
      "3.5": 11,
      "4.0": 13,
      "4.5": 17,
      "5.0": 419,
      "5.5": 1870,
      "6.0": 3579,
      "6.5": 3590,
      "7.0": 2272,
      "7.5": 103
    },
    "outer_bid_vol_counts": {
      "8": 15,
      "9": 18,
      "10": 19,
      "11": 12,
      "12": 14,
      "15": 1105,
      "16": 1020,
      "17": 1107,
      "18": 1080,
      "19": 1070,
      "20": 1079,
      "21": 1085,
      "22": 1095,
      "23": 1086,
      "24": 1145,
      "25": 1074
    },
    "inner_bid_vol_counts": {
      "3": 25,
      "4": 15,
      "5": 23,
      "6": 25,
      "7": 25,
      "8": 2360,
      "9": 2430,
      "10": 2379,
      "11": 2367,
      "12": 2375
    },
    "trade_active_prob": 0.03356666666666667,
    "second_trade_prob": 0.003972194637537239,
    "trade_qty_counts": {
      "2": 1,
      "3": 198,
      "4": 161,
      "5": 195,
      "6": 219,
      "7": 195,
      "8": 42
    },
    "trade_buy_prob": 0.4850361197110423,
    "n_trades_per_day_mean": 337.0
  }
}